/browse/reviews/picks?edition_id=JZBFHPjBqTUxOBVC4d-VSA,Albuquerque,True
/browse/reviews/picks?edition_id=B2n67SGIy1_aVR1TMo5-9w,Atlanta,True
/browse/reviews/picks?edition_id=6IJvrFm0X3OTy6HoDWaLpg,Atlanta OTP,True
/browse/reviews/picks?edition_id=eHlbyNqumczMVTttlLq_qw,Augusta,True
/browse/reviews/picks?edition_id=nkN_do3fJ9xekchVC-v68A,Austin,True
/browse/reviews/picks?edition_id=JkZnQToXMyFGsJ_SWk8hZA,Baltimore,True
/browse/reviews/picks?edition_id=5Us7BcHkyX7vKFbvv1a5FA,Baton Rouge,True
/browse/reviews/picks?edition_id=n7Uad1UW5c5KAH9YgKsZaA,Birmingham - AL,True
/browse/reviews/picks?edition_id=fFGPBtsutYpn3A155Sf75Q,Boston,True
/browse/reviews/picks?edition_id=QdKbD_aZDb1tkLmCE4JZSw,Broward-Palm Beach,True
/browse/reviews/picks?edition_id=yhjU9xXM7AHG_KbWRq71Tg,Buffalo,True
/browse/reviews/picks?edition_id=oUcSEppn7vWLWBNOghx9JA,Burlington,True
/browse/reviews/picks?edition_id=yW75VlavCcrXkH6mHMLQ2w,Calgary,True
/browse/reviews/picks?edition_id=Z_Li7RFCQJvT1wioTpElUw,Charleston,True
/browse/reviews/picks?edition_id=XhMHvVgFgeb6icR-7d5J0w,Charlotte,True
/browse/reviews/picks?edition_id=dWFXr85_WSG8DaABgrAq6w,Chattanooga,True
/browse/reviews/picks?edition_id=VF-Dm8KOQtjAYVDy-FIIIg,Chicago,True
/browse/reviews/picks?edition_id=_CRpX4FGBkxie_1q0-DbjQ,Chicago Burbs,True
/browse/reviews/picks?edition_id=nPg7pfBQCINODEh4JVcisw,Chicago North Shore,True
/browse/reviews/picks?edition_id=-vxTRRF89XCYLYqnH2XxiQ,Cincinnati,True
/browse/reviews/picks?edition_id=eDiyWJzu_psVKjLlB83PqQ,Cleveland,True
/browse/reviews/picks?edition_id=KvYPpt99sJXK2fmQ2CF0mw,Columbia,True
/browse/reviews/picks?edition_id=A21RiGz8Ctus9Fl536BOYg,Columbus,True
/browse/reviews/picks?edition_id=OtEqx7ZndmJGqi_XR83MVQ,Dallas,True
/browse/reviews/picks?edition_id=5rqC3awBwbNU1yKItiSzBQ,Denver,True
/browse/reviews/picks?edition_id=IjKsOabFQlKNq_W47k88nA,Des Moines,True
/browse/reviews/picks?edition_id=LFLpi-FfgDW4zpcdz3hfSQ,Detroit,True
/browse/reviews/picks?edition_id=fljmgfC95m1zkhV2U2u5gA,East Bay,True
/browse/reviews/picks?edition_id=DuoCwyyUG6auF0__y8faDw,Edmonton,True
/browse/reviews/picks?edition_id=_7CLb8wr3ZqJsD8w3nQsOw,El Paso,True
/browse/reviews/picks?edition_id=iEc7pGHl0P0PPbFlt7lpmg,Fargo,True
/browse/reviews/picks?edition_id=Ef54SjpLp0fWzVDml3Qi3Q,Fort Worth,True
/browse/reviews/picks?edition_id=BV1zsx3O8Nvc258PtxkDsQ,Halifax,True
/browse/reviews/picks?edition_id=A3xji84hDGjs0dl8bYzghQ,Hampton Roads,True
/browse/reviews/picks?edition_id=CYyCiDo6GthJ7mQ6KCWVxA,Hartford,True
/browse/reviews/picks?edition_id=KKOM5feU4TzZmUEY24y02Q,Honolulu,True
/browse/reviews/picks?edition_id=9549vDBw7ab0cuc930BQ1g,Houston,True
/browse/reviews/picks?edition_id=Rv_kT6nm21AyKLQAW3UoMA,Indianapolis,True
/browse/reviews/picks?edition_id=XG-JynrbKiiNaqT4ffdI_w,Jacksonville,True
/browse/reviews/picks?edition_id=ozcocQXuDxsfGg82IHuL6Q,Jersey,True
/browse/reviews/picks?edition_id=TFOYmmqMo4ldx7YECchLFg,Kalamazoo,True
/browse/reviews/picks?edition_id=_NzJ92l8IpsVyTYFnWKaew,Kansas City,True
/browse/reviews/picks?edition_id=6_84eXqiqdrftM8eqHs__w,LA East,True
/browse/reviews/picks?edition_id=c8zOgLyDNaOZ4BHrnZyrqw,LA West,True
/browse/reviews/picks?edition_id=sE3ge33huDcNJGW3V4obww,Las Vegas,True
/browse/reviews/picks?edition_id=cqc7y_8KQgZopip-w3K6nQ,Lexington,True
/browse/reviews/picks?edition_id=TXuGgJI3_fEiUYQ355Ijwg,Long Island,True
/browse/reviews/picks?edition_id=jQEQQKOmCe0oTia-6F6Pyw,Louisville,True
/browse/reviews/picks?edition_id=SJSz6U5TGH1LSuCdgBJcCw,MD Burbs - Washington,True
/browse/reviews/picks?edition_id=1JFACVm-eHu4AharC34ZlQ,Madison,True
/browse/reviews/picks?edition_id=5iOHz6pHmXi9SoB5qomRWQ,Memphis,True
/browse/reviews/picks?edition_id=23J4vG9_xxxdnmi8CBX7Ng,Miami,True
/browse/reviews/picks?edition_id=0zhKgVmSsCVoFUY54tDibw,Milwaukee,True
/browse/reviews/picks?edition_id=O0nmI3IrPyK_jhDK6spZUQ,Minneapolis-St Paul,True
/browse/reviews/picks?edition_id=Jbhrbamlmx8hS9HgX_5mmQ,NC Triangle,True
/browse/reviews/picks?edition_id=d4cNKhsUDlTGc9Re9FXMDQ,NYC - Brooklyn,True
/browse/reviews/picks?edition_id=RU7bd3h2f6pBlf8BfAyxGQ,NYC - Manhattan,True
/browse/reviews/picks?edition_id=qv0zg1b2C4nLzy73WohrhA,NYC - Queens,True
/browse/reviews/picks?edition_id=wONFT-H307gq1Weu0g6nIg,Nashville,True
/browse/reviews/picks?edition_id=xkzHwr6V0qbN0Zh3s53EDQ,New Orleans,True
/browse/reviews/picks?edition_id=XdDDmhiDGWDNcZBGd5E6nw,North Bay,True
/browse/reviews/picks?edition_id=7ZSKVY77zyMHqIpSQB1zNA,North County San Diego,True
/browse/reviews/picks?edition_id=Dk2IkchUjADbrC05sdsAVQ,Northern Virginia,True
/browse/reviews/picks?edition_id=f_z2PCV2FLyXR5LzQUAVdw,Oklahoma City,True
/browse/reviews/picks?edition_id=y0HShkC69tyeSU-Ej4jxtw,Omaha,True
/browse/reviews/picks?edition_id=FTqbSu7pAgq9Rcvaen9T6g,Orange County,True
/browse/reviews/picks?edition_id=8QAHOwtLZnZJFEA8nad7uw,Orlando,True
/browse/reviews/picks?edition_id=hJ2dg0kOHm31nGAH-7zP6A,Philadelphia,True
/browse/reviews/picks?edition_id=iiruNMRBWMdxqRtaVIMPkA,Phoenix,True
/browse/reviews/picks?edition_id=QGEmvh9vhZ0TJIhHnVbYKQ,Pittsburgh,True
/browse/reviews/picks?edition_id=co_jK_x-CvK2Z3ZrJLz1SQ,Portland,True
/browse/reviews/picks?edition_id=pLVK4nb6r2x9HJcpaR9HYw,Portland - Maine,True
/browse/reviews/picks?edition_id=MMP_Z-T6neixzpVyE7-k8g,Providence,True
/browse/reviews/picks?edition_id=2fKvd2q49qkLGClfeIHiWA,Reno,True
/browse/reviews/picks?edition_id=bMb2_rO8hMJbJAFne7ulMA,Richmond,True
/browse/reviews/picks?edition_id=rY7qwLnR-TPlkUYWN5rJew,Rochester,True
/browse/reviews/picks?edition_id=QCOinXdaM-UgFuTcHJfwNQ,Sacramento,True
/browse/reviews/picks?edition_id=7T6rOkoqcgP4DZ-BKE89ig,Salt Lake City,True
/browse/reviews/picks?edition_id=UZllshlr1thOz-mxePmLzQ,San Antonio,True
/browse/reviews/picks?edition_id=onW8Kvh4ZYEVM9sqOmnK8g,San Diego,True
/browse/reviews/picks?edition_id=c6HT44PKCaXqzN_BdgKPCw,San Francisco,True
/browse/reviews/picks?edition_id=zT0PuDsIV-S7M-W_NaX9vw,San Jose,True
/browse/reviews/picks?edition_id=jXu7LgleTN3VGXKpz6TxqA,Seattle,True
/browse/reviews/picks?edition_id=SckGC6L6WimyM1JuwYEazw,South Bay,True
/browse/reviews/picks?edition_id=DTQiTv3vtYV-hBXRgL686Q,Spokane,True
/browse/reviews/picks?edition_id=RNy8cxqS2wg9cvS8oY6ZSQ,Springfield,True
/browse/reviews/picks?edition_id=_1nEIYxJIpdhInmU9p_3pQ,St Louis,True
/browse/reviews/picks?edition_id=JbMvEwEIETjrm6j3QFqhVg,Tampa Bay,True
/browse/reviews/picks?edition_id=POeQEnrS0A-Ovb_ABDoZ-g,The Triad,True
/browse/reviews/picks?edition_id=HU1VyFArIf7Ek7ILq02D-g,Tucson,True
/browse/reviews/picks?edition_id=sbX7sxV1zeOcO8L8yRD5zw,Tulsa,True
/browse/reviews/picks?edition_id=wqoXYLWmpkEH0YvTmHBsJQ,Washington DC,True
/browse/reviews/picks?edition_id=ab6AJbrjHM877N5-tT7oqA,Adelaide,False
/browse/reviews/picks?edition_id=V7WwTwYcLSfJ_ZCVdfLAYw,Amsterdam,False
/browse/reviews/picks?edition_id=IGe_jvVi-l4EV8iibJF19A,Antwerpen,False
/browse/reviews/picks?edition_id=yYSBB5q7bY-qSVvmMgk4FA,Auckland,False
/browse/reviews/picks?edition_id=8XOQkUwCb1Rgz1Z072zhtA,Barcelona,False
/browse/reviews/picks?edition_id=XtXFiaWnws4xnTMJq09Z6g,Berlin,False
/browse/reviews/picks?edition_id=yDVrZbPIl23070tTgX8d1w,Brisbane,False
/browse/reviews/picks?edition_id=rvSeKDO5V3w_ZIAe8bnG_A,Bruxelles,False
/browse/reviews/picks?edition_id=6k6V0n-gsD26wnPvCJZLMg,Dublin,False
/browse/reviews/picks?edition_id=8m-2G2iK5OUwvYouhSjyUA,Düsseldorf,False
/browse/reviews/picks?edition_id=Zb50IZkPFtOc2Cfd3BtD6g,Edinburgh,False
/browse/reviews/picks?edition_id=ua0wpX6PhSMrZ-sDSY_2OQ,Frankfurt,False
/browse/reviews/picks?edition_id=1RPOACqXJJvZ0NH1sbZaOQ,Greater Toronto,False
/browse/reviews/picks?edition_id=yGJpdsyGQb92P4xIyxmbhw,Hamburg,False
/browse/reviews/picks?edition_id=K2dWAGvlcAABB98ofToeTQ,Köln,False
/browse/reviews/picks?edition_id=lWuV8kGTe06KrvKHHs4Taw,Lille,False
/browse/reviews/picks?edition_id=2TFc0YAo1RbUqx0A7w3GTw,London,False
/browse/reviews/picks?edition_id=0FX5gLEGl_bNBjAM92qVTA,Lyon,False
/browse/reviews/picks?edition_id=kOjjBCgmh-yRBG80_Qgzsg,Madrid,False
/browse/reviews/picks?edition_id=1ZSUXlUDmkVX1mCzhpeCjw,Melbourne,False
/browse/reviews/picks?edition_id=0W5-7Nr6hP1t4wJhRh14tA,Milano,False
/browse/reviews/picks?edition_id=VNENf950rkBpWh7Axnc7Tg,Montréal,False
/browse/reviews/picks?edition_id=WeEqLtbFoX039eGn9hKOBA,"México, D.F.",False
/browse/reviews/picks?edition_id=TYrAY7WPosXSt648jui4Kg,München,False
/browse/reviews/picks?edition_id=Tn7Mme-2xRwdo4Y_rWTozg,Ottawa,False
/browse/reviews/picks?edition_id=y8lz_6KWGOQ9jcTyIdwTLQ,Paris,False
/browse/reviews/picks?edition_id=e9VM9RnJwnoSZk_qzox_pg,Perth,False
/browse/reviews/picks?edition_id=VqhpCGRniGVfsfrQN_VnwA,Praha,False
/browse/reviews/picks?edition_id=_Ahqh2i01vEiLhk2NbhOxA,Québec,False
/browse/reviews/picks?edition_id=oyDAOxYCYN8Z-6LYGriZew,Roma,False
/browse/reviews/picks?edition_id=iLLTK46DbXJUMXp9HcZfvA,Singapore,False
/browse/reviews/picks?edition_id=Usix35UmtJ7yZuumfv5aDg,Stockholm,False
/browse/reviews/picks?edition_id=A8zGZahcXUphvcV8z6txzg,Sydney,False
/browse/reviews/picks?edition_id=xIYFwwrwxSFyz1IjVfHTkg,Toronto,False
/browse/reviews/picks?edition_id=Ch-UfdFv_-XTTnuqG7LSjg,Valencia,False
/browse/reviews/picks?edition_id=rRE6oATJBYb6OCg6EWS7Ew,Vancouver,False
/browse/reviews/picks?edition_id=5IX9FOesKrLRyz618xc6tw,Wien,False
/browse/reviews/picks?edition_id=rRwKhZFaww1vFU2vmocH8A,Winnipeg,False
/browse/reviews/picks?edition_id=N906yg6GOgf7_c8iY3T-1w,İstanbul,False
/browse/reviews/picks?edition_id=MS5Mb8aHcGkvjzkgXNq8Xg,東京,False
