/browse/reviews/picks?edition_id=QGEmvh9vhZ0TJIhHnVbYKQ,Pittsburgh,TRUE
/browse/reviews/picks?edition_id=co_jK_x-CvK2Z3ZrJLz1SQ,Portland,TRUE
/browse/reviews/picks?edition_id=SJSz6U5TGH1LSuCdgBJcCw,MD Burbs - Washington,TRUE
/browse/reviews/picks?edition_id=O0nmI3IrPyK_jhDK6spZUQ,Minneapolis-St Paul,TRUE
/browse/reviews/picks?edition_id=Jbhrbamlmx8hS9HgX_5mmQ,NC Triangle,TRUE
/browse/reviews/picks?edition_id=pLVK4nb6r2x9HJcpaR9HYw,Portland - Maine,TRUE
/browse/reviews/picks?edition_id=MMP_Z-T6neixzpVyE7-k8g,Providence,TRUE
/browse/reviews/picks?edition_id=2fKvd2q49qkLGClfeIHiWA,Reno,TRUE
/browse/reviews/picks?edition_id=bMb2_rO8hMJbJAFne7ulMA,Richmond,TRUE
/browse/reviews/picks?edition_id=XdDDmhiDGWDNcZBGd5E6nw,North Bay,TRUE
/browse/reviews/picks?edition_id=7ZSKVY77zyMHqIpSQB1zNA,North County San Diego,TRUE
/browse/reviews/picks?edition_id=Dk2IkchUjADbrC05sdsAVQ,Northern Virginia,TRUE
/browse/reviews/picks?edition_id=f_z2PCV2FLyXR5LzQUAVdw,Oklahoma City,TRUE
/browse/reviews/picks?edition_id=23J4vG9_xxxdnmi8CBX7Ng,Miami,TRUE
/browse/reviews/picks?edition_id=7T6rOkoqcgP4DZ-BKE89ig,Salt Lake City,TRUE
/browse/reviews/picks?edition_id=UZllshlr1thOz-mxePmLzQ,San Antonio,TRUE
/browse/reviews/picks?edition_id=8QAHOwtLZnZJFEA8nad7uw,Orlando,TRUE
/browse/reviews/picks?edition_id=hJ2dg0kOHm31nGAH-7zP6A,Philadelphia,TRUE
/browse/reviews/picks?edition_id=onW8Kvh4ZYEVM9sqOmnK8g,San Diego,TRUE
/browse/reviews/picks?edition_id=c6HT44PKCaXqzN_BdgKPCw,San Francisco,TRUE
/browse/reviews/picks?edition_id=d4cNKhsUDlTGc9Re9FXMDQ,NYC - Brooklyn,TRUE
/browse/reviews/picks?edition_id=y0HShkC69tyeSU-Ej4jxtw,Omaha,TRUE
/browse/reviews/picks?edition_id=zT0PuDsIV-S7M-W_NaX9vw,San Jose,TRUE
/browse/reviews/picks?edition_id=jXu7LgleTN3VGXKpz6TxqA,Seattle,TRUE
/browse/reviews/picks?edition_id=SckGC6L6WimyM1JuwYEazw,South Bay,TRUE
/browse/reviews/picks?edition_id=rY7qwLnR-TPlkUYWN5rJew,Rochester,TRUE
/browse/reviews/picks?edition_id=QCOinXdaM-UgFuTcHJfwNQ,Sacramento,TRUE
/browse/reviews/picks?edition_id=5iOHz6pHmXi9SoB5qomRWQ,Memphis,TRUE
/browse/reviews/picks?edition_id=RU7bd3h2f6pBlf8BfAyxGQ,NYC - Manhattan,TRUE
/browse/reviews/picks?edition_id=1JFACVm-eHu4AharC34ZlQ,Madison,TRUE
/browse/reviews/picks?edition_id=0zhKgVmSsCVoFUY54tDibw,Milwaukee,TRUE
/browse/reviews/picks?edition_id=qv0zg1b2C4nLzy73WohrhA,NYC - Queens,TRUE
/browse/reviews/picks?edition_id=wONFT-H307gq1Weu0g6nIg,Nashville,TRUE
/browse/reviews/picks?edition_id=xkzHwr6V0qbN0Zh3s53EDQ,New Orleans,TRUE
/browse/reviews/picks?edition_id=DTQiTv3vtYV-hBXRgL686Q,Spokane,TRUE
/browse/reviews/picks?edition_id=RNy8cxqS2wg9cvS8oY6ZSQ,Springfield,TRUE
/browse/reviews/picks?edition_id=_1nEIYxJIpdhInmU9p_3pQ,St Louis,TRUE
/browse/reviews/picks?edition_id=JbMvEwEIETjrm6j3QFqhVg,Tampa Bay,TRUE
/browse/reviews/picks?edition_id=FTqbSu7pAgq9Rcvaen9T6g,Orange County,TRUE
/browse/reviews/picks?edition_id=iiruNMRBWMdxqRtaVIMPkA,Phoenix,TRUE
