/browse/reviews/picks?edition_id=nkN_do3fJ9xekchVC-v68A,Austin,TRUE
/browse/reviews/picks?edition_id=JkZnQToXMyFGsJ_SWk8hZA,Baltimore,TRUE
/browse/reviews/picks?edition_id=5Us7BcHkyX7vKFbvv1a5FA,Baton Rouge,TRUE
/browse/reviews/picks?edition_id=n7Uad1UW5c5KAH9YgKsZaA,Birmingham - AL,TRUE
/browse/reviews/picks?edition_id=fFGPBtsutYpn3A155Sf75Q,Boston,TRUE
/browse/reviews/picks?edition_id=QdKbD_aZDb1tkLmCE4JZSw,Broward-Palm Beach,TRUE
/browse/reviews/picks?edition_id=yhjU9xXM7AHG_KbWRq71Tg,Buffalo,TRUE
/browse/reviews/picks?edition_id=oUcSEppn7vWLWBNOghx9JA,Burlington,TRUE
/browse/reviews/picks?edition_id=yW75VlavCcrXkH6mHMLQ2w,Calgary,TRUE
/browse/reviews/picks?edition_id=Z_Li7RFCQJvT1wioTpElUw,Charleston,TRUE
/browse/reviews/picks?edition_id=XhMHvVgFgeb6icR-7d5J0w,Charlotte,TRUE
/browse/reviews/picks?edition_id=dWFXr85_WSG8DaABgrAq6w,Chattanooga,TRUE
/browse/reviews/picks?edition_id=VF-Dm8KOQtjAYVDy-FIIIg,Chicago,TRUE
/browse/reviews/picks?edition_id=_CRpX4FGBkxie_1q0-DbjQ,Chicago Burbs,TRUE
/browse/reviews/picks?edition_id=nPg7pfBQCINODEh4JVcisw,Chicago North Shore,TRUE
/browse/reviews/picks?edition_id=-vxTRRF89XCYLYqnH2XxiQ,Cincinnati,TRUE
/browse/reviews/picks?edition_id=eDiyWJzu_psVKjLlB83PqQ,Cleveland,TRUE
/browse/reviews/picks?edition_id=KvYPpt99sJXK2fmQ2CF0mw,Columbia,TRUE
/browse/reviews/picks?edition_id=A21RiGz8Ctus9Fl536BOYg,Columbus,TRUE
